Instance,BMA Weighted Prediction
instance 1,0.6034290559638213
instance 2,0.6099798149705634
instance 3,0.5820765883376848
instance 4,0.6173833333333333
All Method BMA Weighted Prediction,0.6034290559638213
