Instance,BMA Weighted Prediction
instance 1,0.6700678349349914
instance 2,0.6715643397813288
instance 3,0.6684856396866841
instance 4,0.6701
All Method BMA Weighted Prediction,0.6700678349349914
