Instance,BMA Weighted Prediction
instance 1,0.7053301300169588
instance 2,0.7176862910008409
instance 3,0.6903994778067885
instance 4,0.7073833333333334
All Method BMA Weighted Prediction,0.7053301300169588
