Instance,BMA Weighted Prediction
instance 1,0.6212425098925947
instance 2,0.6374583683767872
instance 3,0.5949329852045255
instance 4,0.6303666666666667
All Method BMA Weighted Prediction,0.6212425098925947
