Instance,BMA Weighted Prediction
instance 1,0.7333233465234594
instance 2,0.7329932716568545
instance 3,0.727562228024369
instance 4,0.7391666666666667
All Method BMA Weighted Prediction,0.7333233465234594
