Instance,BMA Weighted Prediction
instance 1,0.3426642170717919
instance 2,0.34445164003364165
instance 3,0.31820104438642294
instance 4,0.3643166666666667
All Method BMA Weighted Prediction,0.3426642170717919
