Instance,BMA Weighted Prediction
instance 1,0.6439988694177501
instance 2,0.6479007569386038
instance 3,0.631047867711053
instance 4,0.6525333333333333
All Method BMA Weighted Prediction,0.6439988694177501
