Instance,BMA Weighted Prediction
instance 1,0.5361622385528547
instance 2,0.5318511354079057
instance 3,0.5222201914708442
instance 4,0.5537833333333334
All Method BMA Weighted Prediction,0.5361622385528547
