Instance,BMA Weighted Prediction
instance 1,0.6649344262295082
instance 2,0.6761219512195121
instance 3,0.6514090513489991
instance 4,0.6668000000000001
All Method BMA Weighted Prediction,0.6649344262295082
