Instance,BMA Weighted Prediction
instance 1,0.6651469756924817
instance 2,0.675950378469302
instance 3,0.6538946910356832
instance 4,0.6652166666666667
All Method BMA Weighted Prediction,0.6651469756924817
