Instance,BMA Weighted Prediction
instance 1,0.3918971170152628
instance 2,0.38599327165685443
instance 3,0.3891436031331592
instance 4,0.40038333333333337
All Method BMA Weighted Prediction,0.3918971170152628
