Instance,BMA Weighted Prediction
instance 1,0.7074279253815714
instance 2,0.7125147182506307
instance 3,0.698485639686684
instance 4,0.7109500000000001
All Method BMA Weighted Prediction,0.7074279253815714
