Instance,BMA Weighted Prediction
instance 1,0.5609027699265121
instance 2,0.5369529015979814
instance 3,0.5322515230635334
instance 4,0.6120666666666668
All Method BMA Weighted Prediction,0.5609027699265121
