Instance,BMA Weighted Prediction
instance 1,0.5779779536461277
instance 2,0.5857720773759462
instance 3,0.5644760661444733
instance 4,0.5831833333333334
All Method BMA Weighted Prediction,0.5779779536461277
