Instance,BMA Weighted Prediction
instance 1,0.7280537026568681
instance 2,0.7314945332211943
instance 3,0.7021818973020016
instance 4,0.7494166666666667
All Method BMA Weighted Prediction,0.7280537026568681
