Instance,BMA Weighted Prediction
instance 1,0.3742962125494629
instance 2,0.3783431455004205
instance 3,0.3679808529155787
instance 4,0.37633333333333335
All Method BMA Weighted Prediction,0.3742962125494629
