Instance,BMA Weighted Prediction
instance 1,0.6888326738270207
instance 2,0.7004583683767871
instance 3,0.6649999999999999
instance 4,0.7001333333333334
All Method BMA Weighted Prediction,0.6888326738270207
