Instance,BMA Weighted Prediction
instance 1,0.47829903900508763
instance 2,0.4784449116904962
instance 3,0.4487824194952132
instance 4,0.5064166666666667
All Method BMA Weighted Prediction,0.47829903900508763
