Instance,BMA Weighted Prediction
instance 1,0.5526749576031657
instance 2,0.5637359125315391
instance 3,0.5438659704090514
instance 4,0.55015
All Method BMA Weighted Prediction,0.5526749576031657
