Instance,BMA Weighted Prediction
Instance 1,0.8163468468468469
Instance 2,0.819509561304837
Instance 3,0.8190202702702702
Instance 4,0.810500563697858
All Method BMA Weighted Prediction,0.8163468468468469
