Instance,BMA Weighted Prediction
Instance 1,0.7013716216216215
Instance 2,0.7065399325084365
Instance 3,0.7165574324324324
Instance 4,0.680988726042841
All Method BMA Weighted Prediction,0.7013716216216215
