Instance,BMA Weighted Prediction
Instance 1,0.8693378378378378
Instance 2,0.8705028121484815
Instance 3,0.8700067567567569
Instance 4,0.867500563697858
All Method BMA Weighted Prediction,0.8693378378378378
