Instance,BMA Weighted Prediction
Instance 1,0.9686628916572291
Instance 2,0.9669801249290175
Instance 3,0.970028555111365
Instance 4,0.96898320268757
All Method BMA Weighted Prediction,0.9686628916572291
