Instance,BMA Weighted Prediction
Instance 1,0.8277278218195546
Instance 2,0.841205565019875
Instance 3,0.8029714448886351
Instance 4,0.8387099664053752
All Method BMA Weighted Prediction,0.8277278218195546
