Instance,BMA Weighted Prediction
Instance 1,0.9296888131743326
Instance 2,0.9296888131743326
Instance 3,0.92
Instance 4,0.9389999999999998
All Method BMA Weighted Prediction,1321.7233605134013
