Instance,BMA Weighted Prediction
Instance 1,0.9068422046055116
Instance 2,0.899198750709824
Instance 3,0.9057355796687607
Instance 4,0.9154636058230683
All Method BMA Weighted Prediction,0.9068422046055116
