Instance,BMA Weighted Prediction
Instance 1,0.644728576821442
Instance 2,0.6400533787620669
Instance 3,0.6204854368932039
Instance 4,0.6731063829787234
All Method BMA Weighted Prediction,0.644728576821442
