Instance,BMA Weighted Prediction
Instance 1,0.9092302755756889
Instance 2,0.904808063600227
Instance 3,0.9037070245573957
Instance 4,0.9190055991041434
All Method BMA Weighted Prediction,0.9092302755756889
