Instance,BMA Weighted Prediction
Instance 1,0.8444968767745598
Instance 2,0.8444968767745598
Instance 3,0.8189999999999998
Instance 4,0.869
All Method BMA Weighted Prediction,1302.8943597583993
