Instance,BMA Weighted Prediction
Instance 1,0.8896032465081162
Instance 2,0.882847813742192
Instance 3,0.884271273557967
Instance 4,0.9014916013437849
All Method BMA Weighted Prediction,0.8896032465081162
