Instance,BMA Weighted Prediction
Instance 1,0.9375126462816158
Instance 2,0.9362583759227712
Instance 3,0.931621359223301
Instance 4,0.944525195968645
All Method BMA Weighted Prediction,0.9375126462816158
